"Mittauspiste Sijainti PÃ¤ivÃ¤ Suuntakoodi Ajoneuvoluokka",,,,,KLO_00-01,KLO_01-02,KLO_02-03,KLO_03-04,KLO_04-05,KLO_05-06,KLO_06-07,KLO_07-08,KLO_08-09,KLO_09-10,KLO_10-11,KLO_11-12,KLO_12-13,KLO_13-14,KLO_14-15,KLO_15-16,KLO_16-17,KLO_17-18,KLO_18-19,KLO_19-20,KLO_20-21,KLO_21-22,KLO_22-23,KLO_23-00
1050,vt8_Kristiinankaupunki,2020/05/01,1,"11 HA-PA",6,,2,,,1,3,4,1,16,32,38,34,38,33,32,20,16,14,11,12,11,9,3
1050,vt8_Kristiinankaupunki,2020/05/01,1,"12 KAIP",,1,,,,,,,,,,,1,,2,1,1,,1,,1,,,
1050,vt8_Kristiinankaupunki,2020/05/01,1,"13 Linja-autot",,,,,,,,,,,,1,,,,,,,,,,,,
1050,vt8_Kristiinankaupunki,2020/05/01,1,"14 KAPP",,,,,,,,,,2,6,,1,,,,,,,,1,,2,
1050,vt8_Kristiinankaupunki,2020/05/01,1,"15 KATP",2,,1,,1,1,2,2,2,,4,1,2,1,1,2,2,1,1,,3,2,4,
1050,vt8_Kristiinankaupunki,2020/05/01,1,"16 HA + PK",,,,,,,,2,1,,1,3,2,,2,2,2,,,1,2,,,
1050,vt8_Kristiinankaupunki,2020/05/01,1,"17 HA + AV",,,,,,1,1,,,1,,,1,,,,,,,,,,,
1050,vt8_Kristiinankaupunki,2020/05/01,2,"11 HA-PA",4,1,,,,,3,2,12,10,14,22,18,27,25,24,13,15,24,11,6,6,3,2
1050,vt8_Kristiinankaupunki,2020/05/01,2,"12 KAIP",,,,,1,1,,,1,1,2,1,,1,1,1,,,,,,,,
1050,vt8_Kristiinankaupunki,2020/05/01,2,"13 Linja-autot",,,,,,,,,,,,1,,,1,,1,,,,,1,,
1050,vt8_Kristiinankaupunki,2020/05/01,2,"14 KAPP",,1,,,,,,1,1,,,,1,,,,2,,2,1,,,,
1050,vt8_Kristiinankaupunki,2020/05/01,2,"15 KATP",1,,1,1,,3,,2,2,6,4,2,1,1,3,3,3,3,3,2,1,1,1,
1050,vt8_Kristiinankaupunki,2020/05/01,2,"16 HA + PK",,,,1,,,,,1,,,3,1,3,1,1,2,1,3,1,,1,,
1050,vt8_Kristiinankaupunki,2020/05/01,2,"17 HA + AV",,,,,,,,,,,,,,,2,1,,,,,,,,
1050,vt8_Kristiinankaupunki,2020/05/02,1,"11 HA-PA",3,2,,2,1,1,1,5,7,11,17,21,27,23,35,20,24,22,25,21,10,5,6,2
1050,vt8_Kristiinankaupunki,2020/05/02,1,"12 KAIP",,,1,1,,,1,,,2,,2,,,,,1,1,2,,1,1,,
1050,vt8_Kristiinankaupunki,2020/05/02,1,"14 KAPP",,,,,,,,,,1,2,1,,,1,,,,,,,,1,
1050,vt8_Kristiinankaupunki,2020/05/02,1,"15 KATP",,,,,1,,2,1,1,2,2,1,3,1,1,3,2,3,1,1,,,2,
1050,vt8_Kristiinankaupunki,2020/05/02,1,"16 HA + PK",,,,,,,,,1,3,,1,1,4,2,1,5,,2,,,,,
1050,vt8_Kristiinankaupunki,2020/05/02,1,"17 HA + AV",,,,,,,,,,,,,,1,1,1,,1,,,2,,,
1050,vt8_Kristiinankaupunki,2020/05/02,2,"11 HA-PA",1,1,1,3,1,,3,7,9,17,25,17,32,33,32,28,27,30,25,25,10,12,6,3
1050,vt8_Kristiinankaupunki,2020/05/02,2,"12 KAIP",,,,,,,,1,,1,1,1,1,1,,2,4,,1,,,,,
1050,vt8_Kristiinankaupunki,2020/05/02,2,"14 KAPP",,,,,,,1,,,2,,,,,,1,,2,3,,,,,
1050,vt8_Kristiinankaupunki,2020/05/02,2,"15 KATP",,1,,1,,1,,1,2,2,3,1,1,2,4,5,1,4,3,2,4,2,1,1
1050,vt8_Kristiinankaupunki,2020/05/02,2,"16 HA + PK",,,,,,,2,,1,2,3,1,1,3,1,2,2,1,2,,1,,,1
1050,vt8_Kristiinankaupunki,2020/05/02,2,"17 HA + AV",,,,,,,,,,1,2,,3,2,,,,2,,1,,1,,
1050,vt8_Kristiinankaupunki,2020/05/03,1,"11 HA-PA",,1,1,1,,1,1,3,5,13,14,24,27,29,31,43,40,40,52,42,26,13,13,5
1050,vt8_Kristiinankaupunki,2020/05/03,1,"12 KAIP",,,,,,,,,1,,,,,,1,,2,,,,,2,,
1050,vt8_Kristiinankaupunki,2020/05/03,1,"13 Linja-autot",,,,,,,,,,,,1,,,1,,,,,,,,,
1050,vt8_Kristiinankaupunki,2020/05/03,1,"14 KAPP",,,,,,,,,,1,,,2,3,,,,1,2,5,2,2,,
1050,vt8_Kristiinankaupunki,2020/05/03,1,"15 KATP",,,1,,,,1,2,,2,4,3,2,5,8,5,3,1,7,4,3,1,3,1
1050,vt8_Kristiinankaupunki,2020/05/03,1,"16 HA + PK",,,,,,,,,,1,,3,3,3,4,2,2,3,3,3,2,2,2,1
1050,vt8_Kristiinankaupunki,2020/05/03,1,"17 HA + AV",,,,,,,,1,,1,,1,,,1,,,1,,1,,1,,
1050,vt8_Kristiinankaupunki,2020/05/03,2,"11 HA-PA",1,1,1,1,1,3,3,4,8,17,25,28,52,40,52,56,59,72,45,58,33,15,11,4
1050,vt8_Kristiinankaupunki,2020/05/03,2,"12 KAIP",,,,,,1,,2,,2,1,1,1,,2,,,,,,1,,,
1050,vt8_Kristiinankaupunki,2020/05/03,2,"13 Linja-autot",,,,,,,,,,,,,,,,1,1,,1,,,,,
1050,vt8_Kristiinankaupunki,2020/05/03,2,"14 KAPP",,1,,,,,,,,,,,,,,2,1,,1,1,2,1,,
1050,vt8_Kristiinankaupunki,2020/05/03,2,"15 KATP",,1,1,2,2,1,2,,2,7,2,1,2,1,2,1,7,7,3,6,4,6,2,2
1050,vt8_Kristiinankaupunki,2020/05/03,2,"16 HA + PK",,,,,,1,2,,,,4,1,4,1,2,1,8,5,2,2,1,2,1,1
1050,vt8_Kristiinankaupunki,2020/05/03,2,"17 HA + AV",,,,,,,1,,,,1,,,,,3,1,,,1,,,,
1050,vt8_Kristiinankaupunki,2020/05/04,1,"11 HA-PA",2,2,,1,3,12,11,14,17,36,17,20,16,18,16,27,22,19,15,12,7,8,7,4
1050,vt8_Kristiinankaupunki,2020/05/04,1,"12 KAIP",,,,1,1,1,2,3,1,1,1,2,1,,1,1,,,1,1,,,,1
1050,vt8_Kristiinankaupunki,2020/05/04,1,"13 Linja-autot",,,,,,,,,,,,,,,,,,,,,,1,,
1050,vt8_Kristiinankaupunki,2020/05/04,1,"14 KAPP",,,,,,1,1,1,4,4,,4,5,5,2,1,2,1,6,2,1,,3,1
1050,vt8_Kristiinankaupunki,2020/05/04,1,"15 KATP",1,1,1,,1,3,5,4,5,6,12,5,13,14,10,12,5,9,5,11,3,5,2,1
1050,vt8_Kristiinankaupunki,2020/05/04,1,"16 HA + PK",1,,,,,2,1,2,,1,1,1,1,3,3,3,3,1,4,2,,,,
1050,vt8_Kristiinankaupunki,2020/05/04,1,"17 HA + AV",,,,,,,1,,1,,,3,1,,1,2,1,,,1,,1,,
1050,vt8_Kristiinankaupunki,2020/05/04,2,"11 HA-PA",1,2,2,4,6,13,7,10,25,17,16,23,22,12,24,24,24,20,18,18,9,5,5,1
1050,vt8_Kristiinankaupunki,2020/05/04,2,"12 KAIP",,,,,,2,,2,2,1,1,1,1,,1,2,4,1,2,,,,,
1050,vt8_Kristiinankaupunki,2020/05/04,2,"13 Linja-autot",,,,,,,,,,,,,,,,,,,1,,,,,
1050,vt8_Kristiinankaupunki,2020/05/04,2,"14 KAPP",,,,,,,1,,1,2,5,3,3,5,7,3,,8,1,2,,,,
1050,vt8_Kristiinankaupunki,2020/05/04,2,"15 KATP",,,,,4,3,4,5,12,6,7,9,12,15,7,13,6,15,10,16,4,4,3,
1050,vt8_Kristiinankaupunki,2020/05/04,2,"16 HA + PK",,,,,,1,1,,,,2,2,2,,2,1,1,2,2,5,,,,1
1050,vt8_Kristiinankaupunki,2020/05/04,2,"17 HA + AV",,,,,,1,1,,,,,,,,,,1,,,,,,,1
1050,vt8_Kristiinankaupunki,2020/05/05,1,"11 HA-PA",1,,1,3,2,2,12,18,11,22,15,17,31,19,19,19,28,18,15,10,13,9,5,2
1050,vt8_Kristiinankaupunki,2020/05/05,1,"12 KAIP",,,,,1,1,2,1,,3,4,2,,1,2,1,1,2,,1,,,,1
1050,vt8_Kristiinankaupunki,2020/05/05,1,"13 Linja-autot",,,,,,,,,,,,1,,,,,,,,,,,,
1050,vt8_Kristiinankaupunki,2020/05/05,1,"14 KAPP",1,,,,,,2,1,1,1,4,4,4,5,4,1,3,5,2,1,3,2,2,1
1050,vt8_Kristiinankaupunki,2020/05/05,1,"15 KATP",4,4,1,2,1,3,4,13,5,9,7,10,16,7,10,8,6,13,16,12,8,5,8,3
1050,vt8_Kristiinankaupunki,2020/05/05,1,"16 HA + PK",,,1,,,,,,,,3,1,3,1,2,1,,1,1,,2,,,
1050,vt8_Kristiinankaupunki,2020/05/05,1,"17 HA + AV",,,,,,,,,,,,1,,,1,,1,,,2,,,1,
1050,vt8_Kristiinankaupunki,2020/05/05,2,"11 HA-PA",,,2,,2,7,8,8,18,18,12,11,20,11,26,20,29,21,18,16,8,5,1,3
1050,vt8_Kristiinankaupunki,2020/05/05,2,"12 KAIP",,,,,,,1,1,,2,5,2,,2,2,,2,3,,1,1,,,
1050,vt8_Kristiinankaupunki,2020/05/05,2,"13 Linja-autot",,,,,,,,,3,,,,1,,,,1,,2,,,,,
1050,vt8_Kristiinankaupunki,2020/05/05,2,"14 KAPP",,,,,,,1,,1,5,5,3,5,2,3,2,4,5,2,,,1,,
1050,vt8_Kristiinankaupunki,2020/05/05,2,"15 KATP",,,3,,4,5,8,9,7,16,15,7,12,9,13,8,14,12,21,16,5,2,1,1
1050,vt8_Kristiinankaupunki,2020/05/05,2,"16 HA + PK",,,,,,,,2,3,,1,,3,3,1,1,4,2,,2,,,,
1050,vt8_Kristiinankaupunki,2020/05/05,2,"17 HA + AV",,,,,,,,,,,,,,1,,2,,,1,,,,1,
1050,vt8_Kristiinankaupunki,2020/05/06,1,"11 HA-PA",1,3,,,,2,6,19,16,18,14,18,22,26,27,18,20,28,19,13,10,15,16,1
1050,vt8_Kristiinankaupunki,2020/05/06,1,"12 KAIP",1,,,,2,1,1,1,5,1,3,2,2,2,,1,2,3,,1,,,,
1050,vt8_Kristiinankaupunki,2020/05/06,1,"13 Linja-autot",,,,,,,,,1,,1,1,,,,,,,,,,,,
1050,vt8_Kristiinankaupunki,2020/05/06,1,"14 KAPP",1,2,,,,1,1,1,3,3,3,2,2,2,4,1,3,2,,4,3,3,1,1
1050,vt8_Kristiinankaupunki,2020/05/06,1,"15 KATP",2,6,,2,,4,4,8,4,6,10,9,7,11,12,7,11,9,11,5,7,6,6,3
1050,vt8_Kristiinankaupunki,2020/05/06,1,"16 HA + PK",,,,,,,,,1,,3,2,2,,,,3,1,1,1,2,,1,2
1050,vt8_Kristiinankaupunki,2020/05/06,1,"17 HA + AV",,,,,,,,,1,,,,1,,1,,1,,,,,,,
1050,vt8_Kristiinankaupunki,2020/05/06,2,"11 HA-PA",1,1,1,3,3,6,7,10,18,20,19,8,16,26,27,30,24,19,23,18,8,3,2,2
1050,vt8_Kristiinankaupunki,2020/05/06,2,"12 KAIP",1,,,1,,,1,,1,3,2,3,1,,2,1,3,2,,,1,1,,
1050,vt8_Kristiinankaupunki,2020/05/06,2,"13 Linja-autot",,,,,,,,,,,,,,,,1,1,,,,,,,
1050,vt8_Kristiinankaupunki,2020/05/06,2,"14 KAPP",,,,,,,,,,4,3,2,4,5,6,6,7,7,6,1,2,,,
1050,vt8_Kristiinankaupunki,2020/05/06,2,"15 KATP",2,2,,1,3,4,7,6,14,10,14,10,10,10,11,11,12,16,8,13,5,1,4,3
1050,vt8_Kristiinankaupunki,2020/05/06,2,"16 HA + PK",,,,,,,1,1,3,1,,1,1,3,,1,2,1,,3,2,1,,
1050,vt8_Kristiinankaupunki,2020/05/06,2,"17 HA + AV",,,,,,,,,,3,1,2,,1,,1,,,,,,,,
1050,vt8_Kristiinankaupunki,2020/05/07,1,"11 HA-PA",1,,1,1,1,4,9,18,22,18,12,18,32,19,33,29,25,24,36,28,24,13,1,8
1050,vt8_Kristiinankaupunki,2020/05/07,1,"12 KAIP",,,,,1,2,,2,2,1,4,2,1,,2,5,1,,1,,1,1,,
1050,vt8_Kristiinankaupunki,2020/05/07,1,"13 Linja-autot",,,,,,,,,,,,,,,1,,,,,,,,,
1050,vt8_Kristiinankaupunki,2020/05/07,1,"14 KAPP",3,,,,,1,1,,1,1,5,1,5,3,3,2,3,3,,2,3,1,1,
1050,vt8_Kristiinankaupunki,2020/05/07,1,"15 KATP",6,4,,,,3,3,5,6,9,16,8,11,10,5,9,10,13,12,5,13,9,6,5
1050,vt8_Kristiinankaupunki,2020/05/07,1,"16 HA + PK",,,,,,,,1,2,,1,1,1,2,2,4,2,1,2,,1,1,,
1050,vt8_Kristiinankaupunki,2020/05/07,1,"17 HA + AV",,,,,,,,,1,1,1,1,1,,,,1,,,,,1,1,
1050,vt8_Kristiinankaupunki,2020/05/07,2,"11 HA-PA",1,,2,,1,9,8,9,16,10,11,28,21,40,31,26,36,30,24,18,10,5,8,4
1050,vt8_Kristiinankaupunki,2020/05/07,2,"12 KAIP",,,,,,,1,2,5,3,1,4,2,1,1,3,6,2,,1,,,,
1050,vt8_Kristiinankaupunki,2020/05/07,2,"13 Linja-autot",,,,,,,,,,,,,2,1,,,,,,,,,,
1050,vt8_Kristiinankaupunki,2020/05/07,2,"14 KAPP",,,,,1,1,,1,3,5,6,3,2,5,3,3,3,4,2,,,1,,
1050,vt8_Kristiinankaupunki,2020/05/07,2,"15 KATP",2,,3,,2,5,7,8,7,7,6,11,8,14,4,15,12,12,15,12,8,8,1,
1050,vt8_Kristiinankaupunki,2020/05/07,2,"16 HA + PK",,,,,,1,,1,,1,2,2,,1,,3,6,4,1,,2,,,1
1050,vt8_Kristiinankaupunki,2020/05/07,2,"17 HA + AV",,,,,,,,2,,,,2,,,,2,2,,1,,,,,
1050,vt8_Kristiinankaupunki,2020/05/08,1,"11 HA-PA",1,2,,2,1,4,7,15,13,25,15,27,25,40,44,39,54,53,51,37,33,21,12,11
1050,vt8_Kristiinankaupunki,2020/05/08,1,"12 KAIP",,1,,,2,2,,,1,3,2,,4,3,,1,1,1,2,1,1,,1,1
1050,vt8_Kristiinankaupunki,2020/05/08,1,"13 Linja-autot",,,,,,,,,,,,2,,,,,,,,,,,,
1050,vt8_Kristiinankaupunki,2020/05/08,1,"14 KAPP",1,,,,,,,2,,5,1,,2,,1,4,1,,4,2,,,,1
1050,vt8_Kristiinankaupunki,2020/05/08,1,"15 KATP",2,4,3,,,3,2,5,3,9,9,5,11,7,12,11,6,6,3,11,12,6,5,4
1050,vt8_Kristiinankaupunki,2020/05/08,1,"16 HA + PK",,,,,,1,,,1,1,1,4,2,2,1,,1,1,4,2,2,3,1,
1050,vt8_Kristiinankaupunki,2020/05/08,1,"17 HA + AV",,,,,,,,1,,,1,,1,,1,3,2,1,,1,,1,,
1050,vt8_Kristiinankaupunki,2020/05/08,2,"11 HA-PA",3,1,,4,,5,4,8,19,10,23,21,27,31,38,35,50,38,30,28,20,7,3,
1050,vt8_Kristiinankaupunki,2020/05/08,2,"12 KAIP",,,,,1,,1,1,2,3,,3,,5,2,6,2,4,1,,,1,,
1050,vt8_Kristiinankaupunki,2020/05/08,2,"13 Linja-autot",,,,,,,,,,,,,,,1,,1,1,1,,,,,
1050,vt8_Kristiinankaupunki,2020/05/08,2,"14 KAPP",,,,,,1,2,,3,3,5,5,3,2,2,2,1,3,1,2,,,,
1050,vt8_Kristiinankaupunki,2020/05/08,2,"15 KATP",,,1,,,3,5,3,11,6,12,6,12,5,8,12,10,5,8,13,3,,1,3
1050,vt8_Kristiinankaupunki,2020/05/08,2,"16 HA + PK",,,,,,,,1,3,2,2,2,1,2,3,4,3,2,2,3,2,1,2,1
1050,vt8_Kristiinankaupunki,2020/05/08,2,"17 HA + AV",,,,,,,,2,1,,,2,2,2,,3,1,,1,,,,1,
1050,vt8_Kristiinankaupunki,2020/05/09,1,"11 HA-PA",7,3,1,2,3,3,6,5,7,21,42,47,37,32,32,35,23,34,30,21,15,13,8,2
1050,vt8_Kristiinankaupunki,2020/05/09,1,"12 KAIP",,,,3,1,,,1,,1,3,,,2,,,1,,,1,2,,,
1050,vt8_Kristiinankaupunki,2020/05/09,1,"13 Linja-autot",1,,,,,,,,,,,1,,,,,,1,,,,,,
1050,vt8_Kristiinankaupunki,2020/05/09,1,"14 KAPP",,1,,,,,,,,2,1,,2,,,1,,2,,1,,1,2,
1050,vt8_Kristiinankaupunki,2020/05/09,1,"15 KATP",2,2,1,,,1,,2,,3,5,7,3,1,2,5,1,,,2,1,1,,
1050,vt8_Kristiinankaupunki,2020/05/09,1,"16 HA + PK",,,,,1,,,1,1,,3,4,5,,1,2,1,1,1,2,1,,1,
1050,vt8_Kristiinankaupunki,2020/05/09,1,"17 HA + AV",,,,1,,,,,,1,,1,1,,2,,1,1,,,1,,1,
1050,vt8_Kristiinankaupunki,2020/05/09,2,"11 HA-PA",5,,2,1,,3,5,9,19,28,25,28,35,39,45,34,41,32,34,16,15,8,6,2
1050,vt8_Kristiinankaupunki,2020/05/09,2,"12 KAIP",,,,,,,,1,2,2,1,1,,2,,1,1,,,,1,,,
1050,vt8_Kristiinankaupunki,2020/05/09,2,"13 Linja-autot",,,,,,,,,,,,,,,,,1,,,,,,,
1050,vt8_Kristiinankaupunki,2020/05/09,2,"14 KAPP",1,,,,,,,,,,1,,,,,2,,,,,,,,
1050,vt8_Kristiinankaupunki,2020/05/09,2,"15 KATP",1,2,,1,,1,,3,,6,3,3,3,,4,1,3,2,4,1,3,1,2,1
1050,vt8_Kristiinankaupunki,2020/05/09,2,"16 HA + PK",,1,,,,1,,1,3,3,4,,2,,4,2,5,2,4,1,,2,1,1
1050,vt8_Kristiinankaupunki,2020/05/09,2,"17 HA + AV",,,,,,,,,,,,,,,2,,1,2,,1,,,,
1050,vt8_Kristiinankaupunki,2020/05/10,1,"11 HA-PA",2,1,2,1,1,3,1,2,4,12,16,24,30,28,34,17,37,38,32,36,31,15,5,2
1050,vt8_Kristiinankaupunki,2020/05/10,1,"12 KAIP",1,,,,,,,,1,,,1,,1,1,2,,,,,2,,,
1050,vt8_Kristiinankaupunki,2020/05/10,1,"13 Linja-autot",,,,,,,,,,,,,,,1,,,,,,1,,,
1050,vt8_Kristiinankaupunki,2020/05/10,1,"14 KAPP",,,,,,,,,,,2,,1,3,1,1,3,1,2,2,3,3,2,1
1050,vt8_Kristiinankaupunki,2020/05/10,1,"15 KATP",2,,,1,,,,2,2,4,,1,2,4,2,2,2,7,3,4,4,4,6,2
1050,vt8_Kristiinankaupunki,2020/05/10,1,"16 HA + PK",1,,,,,,,,1,,,,,1,1,2,6,4,,,,,,2
1050,vt8_Kristiinankaupunki,2020/05/10,1,"17 HA + AV",,,,,,,,,,1,,,,1,,1,,,,,,,,
1050,vt8_Kristiinankaupunki,2020/05/10,2,"11 HA-PA",4,4,2,3,3,,3,1,6,10,28,32,34,39,53,61,64,58,58,34,27,17,8,
1050,vt8_Kristiinankaupunki,2020/05/10,2,"12 KAIP",,,,,,1,,,,,1,,,,,1,3,2,1,2,,,,1
1050,vt8_Kristiinankaupunki,2020/05/10,2,"13 Linja-autot",,,,,,,,,,,,,,1,,,,,1,,,,,
1050,vt8_Kristiinankaupunki,2020/05/10,2,"14 KAPP",,1,,,,,,,1,,1,,1,,1,1,4,1,,1,,,,
1050,vt8_Kristiinankaupunki,2020/05/10,2,"15 KATP",1,1,,1,,,,1,2,,1,2,1,4,2,6,8,3,5,5,2,4,2,2
1050,vt8_Kristiinankaupunki,2020/05/10,2,"16 HA + PK",,,,,,,,,,2,1,1,,2,1,5,1,1,5,1,3,1,,
1050,vt8_Kristiinankaupunki,2020/05/10,2,"17 HA + AV",,,,,,,,,1,,,,,,1,,,1,,,2,,,
1050,vt8_Kristiinankaupunki,2020/05/11,1,"11 HA-PA",3,2,,1,3,9,14,20,23,27,25,23,26,18,25,29,32,23,18,14,12,7,8,3
1050,vt8_Kristiinankaupunki,2020/05/11,1,"12 KAIP",,,,,1,,1,4,,3,2,3,2,,,1,3,2,1,,,,,1
1050,vt8_Kristiinankaupunki,2020/05/11,1,"13 Linja-autot",,,,,,,,,,,,1,,1,,,,,,1,,,,
1050,vt8_Kristiinankaupunki,2020/05/11,1,"14 KAPP",1,1,,,,1,,4,4,6,6,2,5,4,6,3,2,4,1,3,3,,,1
1050,vt8_Kristiinankaupunki,2020/05/11,1,"15 KATP",2,,1,,1,1,2,7,2,7,16,12,12,10,9,6,13,8,6,8,8,7,1,7
1050,vt8_Kristiinankaupunki,2020/05/11,1,"16 HA + PK",,,,,,1,,1,1,1,2,1,2,1,2,2,,,2,,1,,,
1050,vt8_Kristiinankaupunki,2020/05/11,1,"17 HA + AV",,,,,,,,,1,2,1,,1,,1,,1,,2,,,,,
1050,vt8_Kristiinankaupunki,2020/05/11,2,"11 HA-PA",2,1,2,,7,12,9,9,19,23,23,18,29,23,20,23,26,18,17,17,11,6,8,1
1050,vt8_Kristiinankaupunki,2020/05/11,2,"12 KAIP",,,,,,2,1,1,3,2,2,2,1,1,5,3,2,3,,1,,,4,
1050,vt8_Kristiinankaupunki,2020/05/11,2,"13 Linja-autot",,,,,,,,,3,,,1,,,,,,,,,,,,
1050,vt8_Kristiinankaupunki,2020/05/11,2,"14 KAPP",,,,,1,,3,,2,3,3,4,4,11,9,4,3,5,3,3,,,1,
1050,vt8_Kristiinankaupunki,2020/05/11,2,"15 KATP",1,,,1,2,2,5,4,5,6,13,11,5,12,9,11,18,14,13,11,5,1,6,3
1050,vt8_Kristiinankaupunki,2020/05/11,2,"16 HA + PK",1,,,,,,2,2,1,3,3,,2,3,2,2,3,4,,3,1,1,1,
1050,vt8_Kristiinankaupunki,2020/05/11,2,"17 HA + AV",,,,,,,1,,,1,,,,,,,,,,,,,,
1050,vt8_Kristiinankaupunki,2020/05/12,1,"11 HA-PA",3,1,2,,1,4,11,21,20,19,13,17,23,17,25,28,19,28,17,11,11,6,6,3
1050,vt8_Kristiinankaupunki,2020/05/12,1,"12 KAIP",,,,,1,1,1,2,3,1,3,2,1,,,3,2,,,1,1,2,,
1050,vt8_Kristiinankaupunki,2020/05/12,1,"13 Linja-autot",,,,,,,,,,,,,,,,,1,,,,2,,,
1050,vt8_Kristiinankaupunki,2020/05/12,1,"14 KAPP",1,,,1,,,,,6,5,6,4,4,7,3,3,3,3,2,3,1,1,,
1050,vt8_Kristiinankaupunki,2020/05/12,1,"15 KATP",3,4,1,,1,1,3,5,5,15,10,7,12,4,14,7,9,10,13,10,5,5,5,4
1050,vt8_Kristiinankaupunki,2020/05/12,1,"16 HA + PK",,,,,,,1,1,2,3,4,3,2,1,1,4,2,1,2,1,,,,1
1050,vt8_Kristiinankaupunki,2020/05/12,1,"17 HA + AV",1,,,,,,,1,,,2,,,,,,,,,,2,,,
1050,vt8_Kristiinankaupunki,2020/05/12,2,"11 HA-PA",1,,,,2,3,11,11,17,18,17,16,25,23,21,23,28,27,21,8,10,6,6,5
1050,vt8_Kristiinankaupunki,2020/05/12,2,"12 KAIP",,,1,,,2,2,3,2,1,2,,,2,2,1,3,,,1,,1,,
1050,vt8_Kristiinankaupunki,2020/05/12,2,"13 Linja-autot",,,,,,,,,1,,,,,1,,,2,,,,,,,
1050,vt8_Kristiinankaupunki,2020/05/12,2,"14 KAPP",,,,,1,,,,4,2,1,4,3,3,1,3,,4,1,5,1,,,
1050,vt8_Kristiinankaupunki,2020/05/12,2,"15 KATP",1,,2,,2,3,6,8,7,6,7,8,12,9,14,10,8,12,15,11,9,6,2,1
1050,vt8_Kristiinankaupunki,2020/05/12,2,"16 HA + PK",,,,,,,1,1,2,1,1,1,2,2,1,2,2,3,1,2,,1,1,2
1050,vt8_Kristiinankaupunki,2020/05/12,2,"17 HA + AV",,,,,,1,,,,,,,,,,1,,,1,,1,,,
1050,vt8_Kristiinankaupunki,2020/05/13,1,"11 HA-PA",2,2,,,4,4,10,18,15,16,13,19,22,22,23,26,22,22,14,14,14,11,4,4
1050,vt8_Kristiinankaupunki,2020/05/13,1,"12 KAIP",,2,,1,2,1,1,3,,4,1,1,1,2,2,2,1,1,1,1,1,,,
1050,vt8_Kristiinankaupunki,2020/05/13,1,"13 Linja-autot",,,,,,,,,,,,1,,1,,,,,,2,,,,
1050,vt8_Kristiinankaupunki,2020/05/13,1,"14 KAPP",1,,1,,,,2,2,6,4,6,4,3,4,6,2,2,3,2,1,1,,1,4
1050,vt8_Kristiinankaupunki,2020/05/13,1,"15 KATP",3,4,,1,3,,4,6,9,13,24,10,10,8,15,16,9,7,15,11,9,6,11,5
1050,vt8_Kristiinankaupunki,2020/05/13,1,"16 HA + PK",,,1,,,1,,,1,,,2,3,,5,1,1,1,2,2,1,1,,
1050,vt8_Kristiinankaupunki,2020/05/13,1,"17 HA + AV",,1,,,,,1,1,,,,2,1,,,,,,,,1,,1,
1050,vt8_Kristiinankaupunki,2020/05/13,2,"11 HA-PA",2,2,,4,2,5,7,9,16,9,21,21,21,33,29,36,35,21,12,17,15,1,6,1
1050,vt8_Kristiinankaupunki,2020/05/13,2,"12 KAIP",,,,,,2,1,2,,1,3,2,3,1,3,5,2,1,,1,,,1,1
1050,vt8_Kristiinankaupunki,2020/05/13,2,"13 Linja-autot",,,,,,1,,,,,,,,,,,1,,,,,,,
1050,vt8_Kristiinankaupunki,2020/05/13,2,"14 KAPP",1,,,,,,1,1,1,6,6,2,2,4,5,6,7,7,2,1,1,1,,
1050,vt8_Kristiinankaupunki,2020/05/13,2,"15 KATP",,2,2,1,2,8,7,3,8,10,24,15,9,10,11,14,14,16,20,9,6,4,3,4
1050,vt8_Kristiinankaupunki,2020/05/13,2,"16 HA + PK",,1,1,,,,,1,,4,3,1,5,1,2,1,1,2,1,2,2,,,
1050,vt8_Kristiinankaupunki,2020/05/13,2,"17 HA + AV",,,,,,,,,,,,,1,1,,3,,2,1,1,,,1,
1050,vt8_Kristiinankaupunki,2020/05/14,1,"11 HA-PA",2,3,1,,,4,9,16,15,15,12,20,30,22,28,39,34,25,28,27,12,8,14,5
1050,vt8_Kristiinankaupunki,2020/05/14,1,"12 KAIP",,,,1,2,1,2,2,2,2,1,,4,2,,3,1,1,1,,,,,
1050,vt8_Kristiinankaupunki,2020/05/14,1,"13 Linja-autot",,,,,,,,,,1,,1,1,,,,,,,2,2,,,
1050,vt8_Kristiinankaupunki,2020/05/14,1,"14 KAPP",,1,,,,4,,1,3,3,3,4,2,3,2,5,1,3,,,1,2,,
1050,vt8_Kristiinankaupunki,2020/05/14,1,"15 KATP",2,3,4,,1,4,9,10,6,12,6,8,5,15,13,21,11,8,12,8,9,4,8,5
1050,vt8_Kristiinankaupunki,2020/05/14,1,"16 HA + PK",,,1,,,,,2,2,2,,3,2,3,4,5,2,1,1,,3,,,
1050,vt8_Kristiinankaupunki,2020/05/14,1,"17 HA + AV",,1,,,,,,,,,,,1,1,3,,2,,,,,,1,
1050,vt8_Kristiinankaupunki,2020/05/14,2,"11 HA-PA",2,2,,,3,3,12,13,18,15,18,18,23,22,24,36,31,37,19,15,13,13,6,6
1050,vt8_Kristiinankaupunki,2020/05/14,2,"12 KAIP",,,,1,,,2,1,,3,,3,1,2,,2,1,1,1,,,2,,
1050,vt8_Kristiinankaupunki,2020/05/14,2,"13 Linja-autot",,,,,,,1,,,,,1,,,1,1,,,,,,,,
1050,vt8_Kristiinankaupunki,2020/05/14,2,"14 KAPP",1,,,,,3,1,,1,5,5,4,6,2,3,2,1,4,1,1,1,,1,
1050,vt8_Kristiinankaupunki,2020/05/14,2,"15 KATP",,2,,2,4,7,8,6,10,11,14,15,13,12,8,8,17,12,10,15,6,5,1,
1050,vt8_Kristiinankaupunki,2020/05/14,2,"16 HA + PK",,1,,,,,1,3,2,3,1,2,,,3,2,1,2,3,3,1,,,
1050,vt8_Kristiinankaupunki,2020/05/14,2,"17 HA + AV",,,,,,,,,1,,,,3,1,2,1,,2,1,,,,,
1050,vt8_Kristiinankaupunki,2020/05/15,1,"11 HA-PA",2,4,,,,3,8,15,18,20,29,17,25,34,40,50,51,59,39,46,27,23,26,10
1050,vt8_Kristiinankaupunki,2020/05/15,1,"12 KAIP",,,,,3,,2,2,2,,4,,1,2,1,3,1,1,1,4,1,2,,1
1050,vt8_Kristiinankaupunki,2020/05/15,1,"13 Linja-autot",,,,,,,,,,,,2,,,,,,,,,,,,
1050,vt8_Kristiinankaupunki,2020/05/15,1,"14 KAPP",1,1,1,,,,2,2,2,1,3,1,4,1,2,4,3,,,,2,,,
1050,vt8_Kristiinankaupunki,2020/05/15,1,"15 KATP",2,3,1,,2,2,6,12,6,11,10,13,10,15,9,14,11,11,6,4,5,8,7,4
1050,vt8_Kristiinankaupunki,2020/05/15,1,"16 HA + PK",1,,,,,,,1,1,5,2,,1,1,2,5,2,4,6,3,2,,3,2
1050,vt8_Kristiinankaupunki,2020/05/15,1,"17 HA + AV",,,,,,,,,2,,1,,,,,1,,,,1,,1,,
1050,vt8_Kristiinankaupunki,2020/05/15,2,"11 HA-PA",,2,2,2,,5,10,13,15,21,19,26,31,35,32,57,48,45,34,24,24,8,8,6
1050,vt8_Kristiinankaupunki,2020/05/15,2,"12 KAIP",,,1,,,,,,2,2,3,1,2,,5,4,5,,,1,,2,,
1050,vt8_Kristiinankaupunki,2020/05/15,2,"13 Linja-autot",,,,,,,,,,,,,1,,1,,,,,,,,,
1050,vt8_Kristiinankaupunki,2020/05/15,2,"14 KAPP",,1,,,,,,,1,5,2,8,9,4,3,2,3,,1,1,1,1,1,
1050,vt8_Kristiinankaupunki,2020/05/15,2,"15 KATP",4,1,2,2,2,3,6,9,6,6,9,11,11,4,14,9,5,14,4,12,4,3,2,2
1050,vt8_Kristiinankaupunki,2020/05/15,2,"16 HA + PK",,,,,,,,4,,3,3,2,3,4,1,6,4,7,5,5,,,,
1050,vt8_Kristiinankaupunki,2020/05/15,2,"17 HA + AV",,,,,,,,,,1,1,1,1,,1,,3,,,2,,,,
1050,vt8_Kristiinankaupunki,2020/05/16,1,"11 HA-PA",6,3,2,1,1,1,9,4,9,28,31,32,28,37,29,32,29,29,19,22,20,8,14,7
1050,vt8_Kristiinankaupunki,2020/05/16,1,"12 KAIP",,,,1,,,,,,1,,2,1,,1,,4,,1,,,,,
1050,vt8_Kristiinankaupunki,2020/05/16,1,"13 Linja-autot",,,,,,,,,1,,,1,,2,,,,,,,,,,
1050,vt8_Kristiinankaupunki,2020/05/16,1,"14 KAPP",,1,,1,,,,,,,,2,,2,3,1,,,,1,,,,2
1050,vt8_Kristiinankaupunki,2020/05/16,1,"15 KATP",3,3,1,,,,1,,1,1,4,3,2,,,3,2,3,5,1,2,1,,
1050,vt8_Kristiinankaupunki,2020/05/16,1,"16 HA + PK",,,,,1,,,1,1,5,1,1,3,2,3,5,4,2,,3,1,1,1,
1050,vt8_Kristiinankaupunki,2020/05/16,1,"17 HA + AV",,,,,,,,1,1,1,2,,1,,1,3,1,1,1,,,1,,
1050,vt8_Kristiinankaupunki,2020/05/16,2,"11 HA-PA",4,1,1,,1,2,3,12,21,21,35,21,31,27,39,29,21,43,19,22,10,8,8,5
1050,vt8_Kristiinankaupunki,2020/05/16,2,"12 KAIP",1,,,,,,,1,1,2,,,,,4,,,,2,1,,,,
1050,vt8_Kristiinankaupunki,2020/05/16,2,"13 Linja-autot",,,,,,,,1,,,,,,,,,1,,,,,,,
1050,vt8_Kristiinankaupunki,2020/05/16,2,"14 KAPP",1,,,,,,,1,1,1,,1,1,,,1,2,,1,,1,,,
1050,vt8_Kristiinankaupunki,2020/05/16,2,"15 KATP",2,2,1,,1,2,2,1,4,2,2,2,2,1,3,5,1,3,2,,3,3,2,2
1050,vt8_Kristiinankaupunki,2020/05/16,2,"16 HA + PK",,1,,,,,,,,1,3,4,1,7,2,,1,4,,1,,,2,
1050,vt8_Kristiinankaupunki,2020/05/16,2,"17 HA + AV",,,,1,,,,1,1,2,,3,,,1,,1,,,1,,,1,
1050,vt8_Kristiinankaupunki,2020/05/17,1,"11 HA-PA",5,1,3,,1,,5,6,7,13,19,28,25,37,40,37,42,58,36,37,27,18,11,7
1050,vt8_Kristiinankaupunki,2020/05/17,1,"12 KAIP",,,,,,,,,,,1,,,1,1,,1,1,2,1,1,,1,1
1050,vt8_Kristiinankaupunki,2020/05/17,1,"13 Linja-autot",,,,,,,,,,,,1,,,,,,1,,,,,,
1050,vt8_Kristiinankaupunki,2020/05/17,1,"14 KAPP",,1,,,,,,,1,,,,2,1,,1,1,1,4,1,3,1,1,1
1050,vt8_Kristiinankaupunki,2020/05/17,1,"15 KATP",,,,1,,1,,2,4,,4,4,3,5,9,3,7,3,2,4,4,1,2,1
1050,vt8_Kristiinankaupunki,2020/05/17,1,"16 HA + PK",,,,,,,,,1,1,2,2,2,1,1,6,2,2,5,1,2,5,1,1
1050,vt8_Kristiinankaupunki,2020/05/17,1,"17 HA + AV",,,,,,,,,,,,,,,,,,,1,1,1,,1,
1050,vt8_Kristiinankaupunki,2020/05/17,2,"11 HA-PA",,,2,2,4,8,3,3,9,14,21,20,31,46,39,56,53,63,41,47,28,14,11,3
1050,vt8_Kristiinankaupunki,2020/05/17,2,"12 KAIP",,,,,,,1,,,1,1,3,1,,1,3,2,1,1,1,1,,1,
1050,vt8_Kristiinankaupunki,2020/05/17,2,"13 Linja-autot",,,,,,,,,,,,,,,,2,2,,,,,,,
1050,vt8_Kristiinankaupunki,2020/05/17,2,"14 KAPP",,,,,,,,,,,,,,2,1,,1,2,3,1,,,,
1050,vt8_Kristiinankaupunki,2020/05/17,2,"15 KATP",,2,1,,,,,,1,4,4,3,2,2,1,7,4,6,5,4,8,2,1,2
1050,vt8_Kristiinankaupunki,2020/05/17,2,"16 HA + PK",,,,,,,,1,,2,2,1,1,3,4,7,2,4,3,2,,2,,
1050,vt8_Kristiinankaupunki,2020/05/17,2,"17 HA + AV",,,,,,,,,,,1,,,,,,3,2,,,,,1,
1050,vt8_Kristiinankaupunki,2020/05/18,1,"11 HA-PA",5,1,,,4,12,20,17,27,17,33,26,23,20,45,18,24,30,20,14,11,10,8,3
1050,vt8_Kristiinankaupunki,2020/05/18,1,"12 KAIP",,,,,1,,1,3,,4,1,,4,1,,2,2,2,1,1,1,,1,
1050,vt8_Kristiinankaupunki,2020/05/18,1,"13 Linja-autot",,,,,,,,,,,,1,,,1,,1,,,,,,,
1050,vt8_Kristiinankaupunki,2020/05/18,1,"14 KAPP",,1,,,1,1,,3,4,4,4,5,5,4,2,5,5,3,3,1,2,1,2,1
1050,vt8_Kristiinankaupunki,2020/05/18,1,"15 KATP",3,2,,,2,2,4,5,8,11,10,14,8,16,15,9,8,16,7,11,9,6,10,3
1050,vt8_Kristiinankaupunki,2020/05/18,1,"16 HA + PK",,,,,,,1,2,1,2,1,2,2,,1,2,1,1,,,4,,,
1050,vt8_Kristiinankaupunki,2020/05/18,1,"17 HA + AV",,,,,,,,,,,,,,,,,1,1,1,2,1,,,
1050,vt8_Kristiinankaupunki,2020/05/18,2,"11 HA-PA",1,1,2,4,8,10,14,16,20,16,18,16,23,19,20,32,23,17,14,7,9,8,6,1
1050,vt8_Kristiinankaupunki,2020/05/18,2,"12 KAIP",,,,1,,,2,1,1,2,2,1,1,1,,1,5,1,2,2,,,,1
1050,vt8_Kristiinankaupunki,2020/05/18,2,"13 Linja-autot",1,,,,,,,,,,,,,,,1,1,,,,,,,
1050,vt8_Kristiinankaupunki,2020/05/18,2,"14 KAPP",,,,1,,,1,1,,6,5,2,8,6,5,3,10,6,2,5,,1,,
1050,vt8_Kristiinankaupunki,2020/05/18,2,"15 KATP",2,,1,,,5,6,6,7,6,12,14,13,10,9,13,19,13,19,19,9,5,4,
1050,vt8_Kristiinankaupunki,2020/05/18,2,"16 HA + PK",,,,,,1,1,1,2,4,,3,1,3,3,,1,3,2,,,1,,
1050,vt8_Kristiinankaupunki,2020/05/18,2,"17 HA + AV",,,,,,,,,1,,,,2,,,2,,1,,,,,,1
1050,vt8_Kristiinankaupunki,2020/05/19,1,"11 HA-PA",8,6,,,2,11,12,24,22,16,22,16,25,17,26,32,29,24,15,15,14,11,8,6
1050,vt8_Kristiinankaupunki,2020/05/19,1,"12 KAIP",1,1,,,1,1,1,2,3,1,2,4,2,1,1,6,,2,3,,,2,,
1050,vt8_Kristiinankaupunki,2020/05/19,1,"13 Linja-autot",,,,,,,,,,,,,,,,2,1,1,,,,,,
1050,vt8_Kristiinankaupunki,2020/05/19,1,"14 KAPP",,,,,,2,1,1,4,5,4,3,6,2,5,2,1,2,5,3,2,,2,
1050,vt8_Kristiinankaupunki,2020/05/19,1,"15 KATP",3,3,2,2,1,6,1,8,8,19,8,8,8,12,16,18,11,12,14,11,11,9,4,3
1050,vt8_Kristiinankaupunki,2020/05/19,1,"16 HA + PK",,,,1,,,2,,4,2,4,,2,2,3,1,1,3,1,1,,,1,1
1050,vt8_Kristiinankaupunki,2020/05/19,1,"17 HA + AV",,,,,,,,1,1,,1,2,,,1,,1,1,1,,,,,
1050,vt8_Kristiinankaupunki,2020/05/19,2,"11 HA-PA",3,4,,,,7,11,15,9,17,13,21,26,21,22,32,35,30,26,19,7,7,4,4
1050,vt8_Kristiinankaupunki,2020/05/19,2,"12 KAIP",,,,,1,1,1,,2,2,2,7,3,1,4,1,1,2,3,,1,1,,
1050,vt8_Kristiinankaupunki,2020/05/19,2,"13 Linja-autot",,,,,,,1,,,,,,,,1,,1,,,,1,,,
1050,vt8_Kristiinankaupunki,2020/05/19,2,"14 KAPP",,,1,,,1,1,2,2,4,4,5,3,4,1,5,4,5,4,2,,,,
1050,vt8_Kristiinankaupunki,2020/05/19,2,"15 KATP",4,1,,,6,6,6,5,11,8,13,12,12,10,9,14,18,17,12,15,10,5,3,4
1050,vt8_Kristiinankaupunki,2020/05/19,2,"16 HA + PK",,,,,,,1,1,2,2,2,1,3,,1,4,1,,2,,3,1,,
1050,vt8_Kristiinankaupunki,2020/05/19,2,"17 HA + AV",1,,,,,,,,,,,,,,,,1,,,1,,,,1
1050,vt8_Kristiinankaupunki,2020/05/20,1,"11 HA-PA",3,1,2,2,,5,14,17,22,28,21,27,29,28,29,52,62,45,57,47,43,43,31,8
1050,vt8_Kristiinankaupunki,2020/05/20,1,"12 KAIP",,,,,3,,,1,1,2,2,3,1,,1,3,1,,2,4,1,1,2,1
1050,vt8_Kristiinankaupunki,2020/05/20,1,"13 Linja-autot",,,,,,,,1,,,,,,,,,,,1,,,,,
1050,vt8_Kristiinankaupunki,2020/05/20,1,"14 KAPP",,1,,,,2,1,2,3,3,2,1,3,3,,3,3,1,2,4,1,,4,
1050,vt8_Kristiinankaupunki,2020/05/20,1,"15 KATP",4,1,1,,,3,7,7,9,12,12,14,8,12,13,18,3,13,8,11,10,3,10,2
1050,vt8_Kristiinankaupunki,2020/05/20,1,"16 HA + PK",,,,,,1,1,,,1,3,3,2,3,1,3,5,3,2,9,6,4,1,
1050,vt8_Kristiinankaupunki,2020/05/20,1,"17 HA + AV",,,,,,,,,1,,,,1,,,2,,,,,1,1,2,
1050,vt8_Kristiinankaupunki,2020/05/20,2,"11 HA-PA",1,,,,6,8,12,10,15,12,20,24,28,35,37,59,53,54,43,15,16,13,5,7
1050,vt8_Kristiinankaupunki,2020/05/20,2,"12 KAIP",,,,,,,,2,1,4,,,,1,2,5,4,,1,2,,1,2,
1050,vt8_Kristiinankaupunki,2020/05/20,2,"13 Linja-autot",,,,,1,,,,3,1,,,,1,1,,1,,,,,,,
1050,vt8_Kristiinankaupunki,2020/05/20,2,"14 KAPP",,1,,,,1,,,1,3,5,7,3,3,5,5,4,7,5,3,2,,,
1050,vt8_Kristiinankaupunki,2020/05/20,2,"15 KATP",,,,1,2,5,7,5,5,7,10,11,12,16,6,8,15,11,16,9,4,1,3,1
1050,vt8_Kristiinankaupunki,2020/05/20,2,"16 HA + PK",,,,1,,,,1,3,2,3,2,4,1,4,3,5,2,3,1,2,,1,1
1050,vt8_Kristiinankaupunki,2020/05/20,2,"17 HA + AV",,,,,,,,,1,1,,,1,,1,2,1,,1,1,,,,
1050,vt8_Kristiinankaupunki,2020/05/21,1,"11 HA-PA",4,4,1,2,2,4,5,12,9,32,42,42,50,66,43,48,32,39,21,19,21,12,12,5
1050,vt8_Kristiinankaupunki,2020/05/21,1,"12 KAIP",,,,,1,,,1,1,1,1,,1,,1,,1,2,,,,,2,
1050,vt8_Kristiinankaupunki,2020/05/21,1,"13 Linja-autot",,,,,,,,,,,,1,,,1,,,,,,,,,
1050,vt8_Kristiinankaupunki,2020/05/21,1,"14 KAPP",1,,,,,,,1,,1,3,3,3,4,2,,1,3,1,6,1,1,1,3
1050,vt8_Kristiinankaupunki,2020/05/21,1,"15 KATP",7,1,1,2,,,2,3,5,2,6,8,6,5,6,4,8,5,5,5,10,6,3,5
1050,vt8_Kristiinankaupunki,2020/05/21,1,"16 HA + PK",,1,,,,,,2,3,4,9,6,5,2,4,3,1,3,5,2,3,2,2,1
1050,vt8_Kristiinankaupunki,2020/05/21,1,"17 HA + AV",,,,,,,,,2,1,,2,,1,,,1,,2,1,,,,
1050,vt8_Kristiinankaupunki,2020/05/21,2,"11 HA-PA",1,2,3,2,5,2,5,7,18,24,42,44,31,52,32,38,33,27,24,23,18,7,5,4
1050,vt8_Kristiinankaupunki,2020/05/21,2,"12 KAIP",1,,,,,1,,,1,1,1,2,,3,,1,1,,,2,1,,,
1050,vt8_Kristiinankaupunki,2020/05/21,2,"13 Linja-autot",,,,,1,,,,,,,,,,,,1,,,,,,,
1050,vt8_Kristiinankaupunki,2020/05/21,2,"14 KAPP",,1,1,,,,,,3,1,1,1,1,2,4,2,2,3,1,1,3,,,
1050,vt8_Kristiinankaupunki,2020/05/21,2,"15 KATP",1,,1,,2,1,2,3,9,5,8,4,1,5,6,6,5,7,13,13,6,2,2,
1050,vt8_Kristiinankaupunki,2020/05/21,2,"16 HA + PK",,,,,,,1,4,5,3,6,4,4,1,1,2,5,7,2,4,,2,,1
1050,vt8_Kristiinankaupunki,2020/05/21,2,"17 HA + AV",,,,,,,,,2,,,2,2,1,,,1,,,1,,,,
1050,vt8_Kristiinankaupunki,2020/05/22,1,"11 HA-PA",1,2,,2,,2,4,12,17,30,22,19,43,22,44,43,51,50,44,36,23,27,12,8
1050,vt8_Kristiinankaupunki,2020/05/22,1,"12 KAIP",,,,,2,1,,1,2,4,1,3,1,2,1,1,1,,,1,,,,1
1050,vt8_Kristiinankaupunki,2020/05/22,1,"13 Linja-autot",,,,,,,,1,,,,1,,,,,,,1,,,,,
1050,vt8_Kristiinankaupunki,2020/05/22,1,"14 KAPP",,,,,,,2,,,5,,4,2,3,1,3,3,,,1,1,1,,
1050,vt8_Kristiinankaupunki,2020/05/22,1,"15 KATP",2,,1,1,1,5,6,3,5,7,9,10,9,5,13,10,10,7,5,6,4,3,1,3
1050,vt8_Kristiinankaupunki,2020/05/22,1,"16 HA + PK",,1,,,,1,,1,,3,3,2,,3,2,4,2,3,2,1,1,1,,
1050,vt8_Kristiinankaupunki,2020/05/22,1,"17 HA + AV",,,,,,,,4,2,1,1,,,1,2,2,,1,1,,1,,1,
1050,vt8_Kristiinankaupunki,2020/05/22,2,"11 HA-PA",,4,1,,3,5,9,7,14,26,29,24,22,38,43,43,42,37,28,22,17,7,10,7
1050,vt8_Kristiinankaupunki,2020/05/22,2,"12 KAIP",1,,,,,,,3,1,3,1,,,,1,2,2,1,2,3,,,,
1050,vt8_Kristiinankaupunki,2020/05/22,2,"13 Linja-autot",,,,,,1,,,,,,1,,,,,1,,,,,,,
1050,vt8_Kristiinankaupunki,2020/05/22,2,"14 KAPP",,1,1,,1,,,1,1,5,4,3,3,3,2,2,2,4,4,2,1,,,
1050,vt8_Kristiinankaupunki,2020/05/22,2,"15 KATP",1,,,,,2,4,5,10,6,7,11,9,11,4,7,8,8,6,6,3,5,3,4
1050,vt8_Kristiinankaupunki,2020/05/22,2,"16 HA + PK",,1,,,,,,1,,,1,1,2,2,1,7,2,3,3,4,1,,,1
1050,vt8_Kristiinankaupunki,2020/05/22,2,"17 HA + AV",,,,,,,,,1,1,,,,1,,3,1,1,,,,,1,
1050,vt8_Kristiinankaupunki,2020/05/23,1,"11 HA-PA",4,1,,,1,2,4,4,13,23,30,39,36,24,26,40,26,36,40,21,16,15,9,5
1050,vt8_Kristiinankaupunki,2020/05/23,1,"12 KAIP",,,,2,,,1,1,2,,1,2,,,,1,,1,,,1,1,,
1050,vt8_Kristiinankaupunki,2020/05/23,1,"13 Linja-autot",,,,,,,,,,,,1,,,,,1,1,,,,,,
1050,vt8_Kristiinankaupunki,2020/05/23,1,"14 KAPP",,1,,,1,,,1,,,2,,2,,3,,1,2,,,,,,1
1050,vt8_Kristiinankaupunki,2020/05/23,1,"15 KATP",2,3,2,,,,,2,1,,2,,2,1,2,1,4,9,4,4,2,2,4,
1050,vt8_Kristiinankaupunki,2020/05/23,1,"16 HA + PK",,1,,1,,,2,2,,3,4,1,4,2,4,2,1,,2,3,2,,1,1
1050,vt8_Kristiinankaupunki,2020/05/23,1,"17 HA + AV",,,,,,,,1,,,,1,,,,,2,2,,1,,,1,
1050,vt8_Kristiinankaupunki,2020/05/23,2,"11 HA-PA",3,3,1,2,4,3,6,15,15,17,30,24,33,40,38,28,40,37,33,22,15,12,10,2
1050,vt8_Kristiinankaupunki,2020/05/23,2,"12 KAIP",,,,,,,,2,2,1,1,1,,1,1,3,,1,2,,2,,,
1050,vt8_Kristiinankaupunki,2020/05/23,2,"13 Linja-autot",,,,1,1,1,1,,,,,,2,,,,1,,,,,,,
1050,vt8_Kristiinankaupunki,2020/05/23,2,"14 KAPP",,,1,,,,,2,,,1,,1,2,2,3,1,1,,,,,,
1050,vt8_Kristiinankaupunki,2020/05/23,2,"15 KATP",,1,,1,,2,1,1,1,,3,2,3,3,4,3,5,2,,2,,1,1,2
1050,vt8_Kristiinankaupunki,2020/05/23,2,"16 HA + PK",,,,,,,,,3,2,2,2,6,1,5,2,8,5,1,3,1,2,,
1050,vt8_Kristiinankaupunki,2020/05/23,2,"17 HA + AV",,1,,1,,,1,,,,2,,,1,,,,,1,,,1,,1
1050,vt8_Kristiinankaupunki,2020/05/24,1,"11 HA-PA",1,3,,,2,5,2,5,7,12,26,20,23,42,62,54,52,51,35,39,19,21,21,10
1050,vt8_Kristiinankaupunki,2020/05/24,1,"12 KAIP",,,,,,,,,1,,1,,2,,,,1,1,1,,1,,,
1050,vt8_Kristiinankaupunki,2020/05/24,1,"13 Linja-autot",,,,,,,,,,,,1,,,,1,,,,,1,,,
1050,vt8_Kristiinankaupunki,2020/05/24,1,"14 KAPP",,,1,,,,,,,,1,,1,,2,,2,1,2,2,5,1,1,
1050,vt8_Kristiinankaupunki,2020/05/24,1,"15 KATP",,,1,1,,1,,1,2,1,4,2,1,1,3,3,4,6,2,3,3,,1,
1050,vt8_Kristiinankaupunki,2020/05/24,1,"16 HA + PK",,,,,,1,1,,1,2,4,2,4,3,5,3,5,8,1,3,1,,2,1
1050,vt8_Kristiinankaupunki,2020/05/24,1,"17 HA + AV",,1,,,,,,,1,,1,1,1,2,1,2,,,,,1,,,
1050,vt8_Kristiinankaupunki,2020/05/24,2,"11 HA-PA",5,6,2,4,10,7,3,4,4,17,28,51,62,75,55,95,100,78,71,55,36,12,6,3
1050,vt8_Kristiinankaupunki,2020/05/24,2,"12 KAIP",,,,,,,1,,,,1,1,1,2,,,1,1,,,,,,
1050,vt8_Kristiinankaupunki,2020/05/24,2,"13 Linja-autot",,,,,,,,,,,,,,,1,1,1,,1,,,1,,
1050,vt8_Kristiinankaupunki,2020/05/24,2,"14 KAPP",,,,,,,,,,,,,,1,1,1,,,1,2,2,1,,
1050,vt8_Kristiinankaupunki,2020/05/24,2,"15 KATP",2,,,,,,,,1,1,,3,1,,1,11,6,6,4,3,3,6,4,1
1050,vt8_Kristiinankaupunki,2020/05/24,2,"16 HA + PK",1,,,,,,,,,4,2,3,4,7,2,6,9,8,1,1,1,1,2,
1050,vt8_Kristiinankaupunki,2020/05/24,2,"17 HA + AV",,,,,,,,1,,,,1,2,1,3,,4,2,2,,1,,,
1050,vt8_Kristiinankaupunki,2020/05/25,1,"11 HA-PA",4,2,1,1,2,12,13,15,28,26,28,41,25,13,22,28,24,15,19,17,9,12,12,2
1050,vt8_Kristiinankaupunki,2020/05/25,1,"12 KAIP",,,,1,1,1,1,3,1,2,,,,,4,,1,,1,2,,,,
1050,vt8_Kristiinankaupunki,2020/05/25,1,"13 Linja-autot",,,,,,,1,,,,,1,,,,1,1,1,,,,,1,
1050,vt8_Kristiinankaupunki,2020/05/25,1,"14 KAPP",,,,,,1,2,2,3,3,2,5,1,5,4,3,2,2,4,4,2,1,1,
1050,vt8_Kristiinankaupunki,2020/05/25,1,"15 KATP",2,1,1,1,,3,5,5,1,14,7,8,7,5,14,12,11,3,8,12,9,8,3,5
1050,vt8_Kristiinankaupunki,2020/05/25,1,"16 HA + PK",,,,,,1,1,1,2,1,2,3,2,,,,4,2,1,1,1,2,,
1050,vt8_Kristiinankaupunki,2020/05/25,1,"17 HA + AV",,,,,,,,2,,,,,,1,,1,,,,,,,,
1050,vt8_Kristiinankaupunki,2020/05/25,2,"11 HA-PA",5,,3,4,12,8,13,14,25,15,22,23,23,28,31,36,45,21,16,25,5,11,9,3
1050,vt8_Kristiinankaupunki,2020/05/25,2,"12 KAIP",,,,,1,,,,1,2,1,3,2,1,,,2,1,,2,1,,,
1050,vt8_Kristiinankaupunki,2020/05/25,2,"13 Linja-autot",,,,,,,,,,,2,1,,,1,,1,,,,,1,,
1050,vt8_Kristiinankaupunki,2020/05/25,2,"14 KAPP",,,,1,,1,1,1,2,9,,4,1,1,4,5,7,3,4,4,,,,
1050,vt8_Kristiinankaupunki,2020/05/25,2,"15 KATP",1,1,,1,3,4,2,5,5,3,8,12,6,8,16,11,10,14,16,14,7,7,4,2
1050,vt8_Kristiinankaupunki,2020/05/25,2,"16 HA + PK",1,,,,,,1,2,,1,5,3,6,1,1,1,6,,2,,1,1,,
1050,vt8_Kristiinankaupunki,2020/05/25,2,"17 HA + AV",,,,,,,1,,1,,,,,,,,3,,1,,,,,1
1050,vt8_Kristiinankaupunki,2020/05/26,1,"11 HA-PA",2,1,,,2,8,11,19,20,14,31,26,23,20,25,34,25,22,19,13,11,16,14,4
1050,vt8_Kristiinankaupunki,2020/05/26,1,"12 KAIP",,,,,1,2,2,1,6,4,1,2,2,1,2,,2,2,1,,,1,1,
1050,vt8_Kristiinankaupunki,2020/05/26,1,"13 Linja-autot",,,,,,,,,,,,1,,,,,,,,,,,,
1050,vt8_Kristiinankaupunki,2020/05/26,1,"14 KAPP",2,,,,,,1,3,3,2,3,3,4,3,6,3,3,2,3,2,1,2,3,2
1050,vt8_Kristiinankaupunki,2020/05/26,1,"15 KATP",4,4,4,,1,1,6,1,6,15,8,9,10,10,16,14,10,16,14,4,10,11,9,2
1050,vt8_Kristiinankaupunki,2020/05/26,1,"16 HA + PK",,,,,,,,2,,2,3,1,2,1,2,2,2,,,2,,,,
1050,vt8_Kristiinankaupunki,2020/05/26,1,"17 HA + AV",,,,,,,,,,2,,,1,,,,2,2,,,,,1,1
1050,vt8_Kristiinankaupunki,2020/05/26,2,"11 HA-PA",,1,1,,1,6,10,17,20,20,16,25,24,24,25,31,44,26,24,15,21,5,5,4
1050,vt8_Kristiinankaupunki,2020/05/26,2,"12 KAIP",2,,,,1,,,2,,3,2,4,3,2,3,,,2,,2,1,,1,
1050,vt8_Kristiinankaupunki,2020/05/26,2,"13 Linja-autot",,,,,,,,,,,,,,,,,1,,,,,,,
1050,vt8_Kristiinankaupunki,2020/05/26,2,"14 KAPP",,,,,,,,2,1,4,1,4,4,7,8,4,3,2,6,1,,2,,
1050,vt8_Kristiinankaupunki,2020/05/26,2,"15 KATP",2,,1,1,2,6,6,3,7,12,10,10,8,11,11,8,16,12,24,9,7,7,2,3
1050,vt8_Kristiinankaupunki,2020/05/26,2,"16 HA + PK",1,,,,,,,3,2,,,2,1,1,1,,4,4,2,,1,2,,
1050,vt8_Kristiinankaupunki,2020/05/26,2,"17 HA + AV",,,,,,,,,1,1,1,1,,,,1,1,1,,,,,1,
1050,vt8_Kristiinankaupunki,2020/05/27,1,"11 HA-PA",2,3,1,2,3,6,12,26,22,29,28,19,17,26,26,29,29,25,19,11,15,13,14,3
1050,vt8_Kristiinankaupunki,2020/05/27,1,"12 KAIP",1,,,,1,,2,2,2,1,1,2,2,1,,2,3,1,1,,1,,,
1050,vt8_Kristiinankaupunki,2020/05/27,1,"13 Linja-autot",,,,,,,,,,,,1,,,,,,,,,,,,
1050,vt8_Kristiinankaupunki,2020/05/27,1,"14 KAPP",,2,,,,1,4,4,4,5,3,1,4,1,3,1,2,3,5,4,1,2,1,
1050,vt8_Kristiinankaupunki,2020/05/27,1,"15 KATP",7,,5,,3,4,5,10,4,9,10,9,8,18,11,12,10,12,11,11,9,8,6,4
1050,vt8_Kristiinankaupunki,2020/05/27,1,"16 HA + PK",,,,,,,,3,1,1,6,3,3,1,3,3,,4,1,1,,1,,
1050,vt8_Kristiinankaupunki,2020/05/27,1,"17 HA + AV",,,,,,,,,1,1,1,1,,,,,,,,,,1,,
1050,vt8_Kristiinankaupunki,2020/05/27,2,"11 HA-PA",,,,2,2,8,13,16,15,24,22,21,19,27,36,38,39,29,21,13,13,7,10,2
1050,vt8_Kristiinankaupunki,2020/05/27,2,"12 KAIP",,,,1,,,1,1,1,,5,3,2,2,5,5,2,2,1,,,,,
1050,vt8_Kristiinankaupunki,2020/05/27,2,"13 Linja-autot",,,,,1,,,,,,1,,,,,,1,1,,,,,,
1050,vt8_Kristiinankaupunki,2020/05/27,2,"14 KAPP",1,,,,,,,1,1,2,4,6,,7,7,4,7,3,5,1,4,,,
1050,vt8_Kristiinankaupunki,2020/05/27,2,"15 KATP",1,1,1,1,1,3,5,6,10,7,9,9,12,7,13,20,14,15,16,16,7,8,1,3
1050,vt8_Kristiinankaupunki,2020/05/27,2,"16 HA + PK",1,1,,,,1,,2,,1,,1,,2,3,2,1,5,1,5,1,1,,1
1050,vt8_Kristiinankaupunki,2020/05/27,2,"17 HA + AV",,,,,,,1,,,1,,,2,,,1,,,,,1,,,
1050,vt8_Kristiinankaupunki,2020/05/28,1,"11 HA-PA",2,,,1,2,4,11,19,23,19,31,23,25,36,29,23,29,45,30,31,21,10,16,7
1050,vt8_Kristiinankaupunki,2020/05/28,1,"12 KAIP",,,,,3,,,,2,1,4,1,,4,2,,5,2,,2,1,1,1,
1050,vt8_Kristiinankaupunki,2020/05/28,1,"13 Linja-autot",,,,,,,,,,,,1,1,,,,,,,,,,,
1050,vt8_Kristiinankaupunki,2020/05/28,1,"14 KAPP",1,1,,,1,,,2,,1,8,5,5,4,2,4,,2,3,3,2,1,2,
1050,vt8_Kristiinankaupunki,2020/05/28,1,"15 KATP",3,4,2,1,5,6,8,7,10,9,12,16,12,7,6,16,4,11,8,7,8,8,8,2
1050,vt8_Kristiinankaupunki,2020/05/28,1,"16 HA + PK",,,,,,1,,1,2,2,,,3,4,5,,2,7,2,2,5,2,,
1050,vt8_Kristiinankaupunki,2020/05/28,1,"17 HA + AV",,,,,,2,1,2,,1,,1,2,,1,,3,2,1,1,,1,,
1050,vt8_Kristiinankaupunki,2020/05/28,2,"11 HA-PA",,,3,,3,8,14,8,14,28,18,24,21,24,34,27,41,33,33,19,13,13,6,5
1050,vt8_Kristiinankaupunki,2020/05/28,2,"12 KAIP",,,,1,,1,,1,2,3,2,,2,4,,1,2,,1,2,,,,
1050,vt8_Kristiinankaupunki,2020/05/28,2,"13 Linja-autot",,,,,,,,,,,,,,3,,,1,,,,,,,
1050,vt8_Kristiinankaupunki,2020/05/28,2,"14 KAPP",,,,1,,,2,1,1,5,4,4,4,3,2,2,5,3,4,3,1,,,1
1050,vt8_Kristiinankaupunki,2020/05/28,2,"15 KATP",2,2,2,1,3,7,3,8,9,14,11,9,7,10,7,9,13,8,13,23,8,4,2,3
1050,vt8_Kristiinankaupunki,2020/05/28,2,"16 HA + PK",,,,,,,1,1,2,2,,2,2,3,3,4,3,4,4,1,1,2,,
1050,vt8_Kristiinankaupunki,2020/05/28,2,"17 HA + AV",,,,,,,1,,3,1,1,,1,2,2,1,1,,,2,,,,
1050,vt8_Kristiinankaupunki,2020/05/29,1,"11 HA-PA",2,2,1,1,2,7,8,20,18,30,35,21,33,46,47,53,47,57,43,43,32,24,16,14
1050,vt8_Kristiinankaupunki,2020/05/29,1,"12 KAIP",,,,,2,,,,1,3,1,1,2,,2,,1,1,1,1,1,4,,
1050,vt8_Kristiinankaupunki,2020/05/29,1,"13 Linja-autot",,,,,,,,,,,,1,,,,,2,,,1,,,,
1050,vt8_Kristiinankaupunki,2020/05/29,1,"14 KAPP",1,1,,,,1,1,3,3,3,2,6,1,2,1,1,2,1,,1,2,,1,
1050,vt8_Kristiinankaupunki,2020/05/29,1,"15 KATP",4,3,2,3,,2,9,7,7,9,7,4,11,12,14,10,6,6,9,2,4,7,9,2
1050,vt8_Kristiinankaupunki,2020/05/29,1,"16 HA + PK",,,,,1,,1,1,1,,4,5,4,3,5,,3,2,6,3,1,2,3,
1050,vt8_Kristiinankaupunki,2020/05/29,1,"17 HA + AV",,1,,,,,,3,,1,,,1,,1,,2,3,,,2,1,,
1050,vt8_Kristiinankaupunki,2020/05/29,2,"11 HA-PA",3,,2,,6,3,13,9,26,24,34,43,25,44,50,51,63,43,44,29,23,12,10,8
1050,vt8_Kristiinankaupunki,2020/05/29,2,"12 KAIP",,,,1,,,,1,2,3,,2,1,2,3,7,2,1,,1,1,1,1,
1050,vt8_Kristiinankaupunki,2020/05/29,2,"13 Linja-autot",,,,,,1,1,1,,,,,,,1,,1,,,,1,,,
1050,vt8_Kristiinankaupunki,2020/05/29,2,"14 KAPP",1,,1,,,,1,,5,7,4,4,7,3,1,5,1,2,1,,1,1,1,1
1050,vt8_Kristiinankaupunki,2020/05/29,2,"15 KATP",,1,1,1,2,2,5,8,8,8,13,13,5,8,12,10,9,10,13,8,5,3,,2
1050,vt8_Kristiinankaupunki,2020/05/29,2,"16 HA + PK",,,1,,,1,2,,1,1,3,,4,3,1,6,4,3,1,4,5,2,2,1
1050,vt8_Kristiinankaupunki,2020/05/29,2,"17 HA + AV",,1,,,,,,,1,,3,1,1,3,1,,,2,1,1,,,,
1050,vt8_Kristiinankaupunki,2020/05/30,1,"11 HA-PA",5,2,1,1,2,1,2,18,21,35,39,47,53,36,26,46,32,39,33,23,16,17,15,6
1050,vt8_Kristiinankaupunki,2020/05/30,1,"12 KAIP",1,,,1,1,,,,,1,3,1,,1,1,,,,,1,,,,
1050,vt8_Kristiinankaupunki,2020/05/30,1,"13 Linja-autot",,,,,,,,,,,,1,,,,,,,,,,,,
1050,vt8_Kristiinankaupunki,2020/05/30,1,"14 KAPP",1,,,,,1,,,1,1,4,2,2,2,1,,,1,,,,2,2,
1050,vt8_Kristiinankaupunki,2020/05/30,1,"15 KATP",2,,3,,,2,,1,2,3,3,3,4,3,3,4,1,2,2,,2,,1,
1050,vt8_Kristiinankaupunki,2020/05/30,1,"16 HA + PK",,,,,,1,1,1,2,2,5,3,7,5,4,4,4,1,1,,1,2,2,1
1050,vt8_Kristiinankaupunki,2020/05/30,1,"17 HA + AV",,,,,,,1,1,1,2,1,1,2,2,,1,,1,1,2,,2,1,
1050,vt8_Kristiinankaupunki,2020/05/30,2,"11 HA-PA",5,1,1,,2,1,2,14,17,29,42,37,44,33,34,43,36,42,28,22,14,14,3,6
1050,vt8_Kristiinankaupunki,2020/05/30,2,"12 KAIP",,,,,1,1,,3,,1,,,,2,1,1,,1,,1,,,,
1050,vt8_Kristiinankaupunki,2020/05/30,2,"13 Linja-autot",,,,,,,1,,,,,,,,,,1,,,,,,,
1050,vt8_Kristiinankaupunki,2020/05/30,2,"14 KAPP",,,,,,2,,1,,1,,1,,,,,1,,,,1,,,1
1050,vt8_Kristiinankaupunki,2020/05/30,2,"15 KATP",3,1,,1,,,,3,1,4,3,2,5,5,1,5,1,6,1,2,3,4,1,1
1050,vt8_Kristiinankaupunki,2020/05/30,2,"16 HA + PK",,,,,1,2,1,1,2,2,5,7,2,3,8,,1,1,1,4,3,1,,1
1050,vt8_Kristiinankaupunki,2020/05/30,2,"17 HA + AV",,,1,,,,,1,1,1,1,,2,,,2,1,1,1,3,,,,1
1050,vt8_Kristiinankaupunki,2020/05/31,1,"11 HA-PA",5,1,1,3,,,6,7,17,15,27,31,31,38,42,48,53,41,52,53,28,18,20,11
1050,vt8_Kristiinankaupunki,2020/05/31,1,"12 KAIP",,1,,,,,,,1,,,,,1,1,1,,,2,2,1,1,,1
1050,vt8_Kristiinankaupunki,2020/05/31,1,"13 Linja-autot",,,,,,,,,,,,1,,,1,,1,,,,,,,
1050,vt8_Kristiinankaupunki,2020/05/31,1,"14 KAPP",,,,1,,,,,,,,,,2,1,,2,1,3,2,2,3,1,2
1050,vt8_Kristiinankaupunki,2020/05/31,1,"15 KATP",1,,,,,,,1,2,2,1,2,1,2,2,5,2,4,7,4,2,3,1,3
1050,vt8_Kristiinankaupunki,2020/05/31,1,"16 HA + PK",,,,,,,,1,1,2,1,3,,1,3,3,1,3,3,3,6,,,
1050,vt8_Kristiinankaupunki,2020/05/31,1,"17 HA + AV",,,,,,,1,,,2,,1,1,,2,,3,3,1,1,,,,
1050,vt8_Kristiinankaupunki,2020/05/31,2,"11 HA-PA",4,2,3,5,7,6,4,7,12,22,25,42,39,49,46,54,62,74,55,47,29,24,13,8
1050,vt8_Kristiinankaupunki,2020/05/31,2,"12 KAIP",,,,,,,,,,1,2,1,,1,1,,,1,,,,,,
1050,vt8_Kristiinankaupunki,2020/05/31,2,"13 Linja-autot",,,,,,1,,,,,,,,,,1,1,,,,,,,
1050,vt8_Kristiinankaupunki,2020/05/31,2,"14 KAPP",,,,1,,,,1,,,1,1,,,1,,2,1,1,1,4,1,,
1050,vt8_Kristiinankaupunki,2020/05/31,2,"15 KATP",,,1,,2,,,,1,,3,2,2,3,6,5,3,8,6,3,3,1,1,1
1050,vt8_Kristiinankaupunki,2020/05/31,2,"16 HA + PK",,1,,,1,,,,,2,,3,2,5,,5,3,3,4,2,1,1,1,1
1050,vt8_Kristiinankaupunki,2020/05/31,2,"17 HA + AV",,1,,,,,1,,,,1,1,1,1,4,,1,,3,,2,,,
